id;nombre;cuerpo
1;Awesome;../fake-data/blob/hipster.txt
2;optimizing;../fake-data/blob/hipster.txt
3;quantifying;../fake-data/blob/hipster.txt
4;Gloves Bedfordshire compressing;../fake-data/blob/hipster.txt
5;Books calculate;../fake-data/blob/hipster.txt
6;Nebraska Yemeni Rial;../fake-data/blob/hipster.txt
7;Massachusetts;../fake-data/blob/hipster.txt
8;UAE Dirham;../fake-data/blob/hipster.txt
9;Refined systems bandwidth;../fake-data/blob/hipster.txt
10;Cotton Texas Forge;../fake-data/blob/hipster.txt
